{
  "n_artifacts": 650,
  "n_repos": 55,
  "primary_threshold_days": 180,
  "eligibility_by_threshold": {
    "90": {
      "stasis_T_rate_all": 0.36153846153846153,
      "stasis_T_rate_eligible": 0.633423180592992,
      "n_eligible_T": 371,
      "n_event_stasis_T": 235,
      "censoring_rate_T": 0.36657681940700804
    },
    "180": {
      "stasis_T_rate_all": 0.20615384615384616,
      "stasis_T_rate_eligible": 0.5955555555555555,
      "n_eligible_T": 225,
      "n_event_stasis_T": 134,
      "censoring_rate_T": 0.4044444444444445
    },
    "365": {
      "stasis_T_rate_all": 0.08461538461538462,
      "stasis_T_rate_eligible": 0.6547619047619048,
      "n_eligible_T": 84,
      "n_event_stasis_T": 55,
      "censoring_rate_T": 0.34523809523809523
    }
  },
  "A1_kaplan_meier_by_artifact_type_eligible_only": {
    "agents_md": {
      "n": 47,
      "n_events": 10,
      "survival_times": [
        180.0,
        187.0,
        188.0,
        189.0,
        210.0,
        218.0
      ],
      "survival_probs": [
        0.8936170212765957,
        0.8707037643207856,
        0.8477905073649754,
        0.8248772504091654,
        0.7998809700937362,
        0.7732182710906116
      ],
      "median_survival_time": 218.0
    },
    "claude_md": {
      "n": 36,
      "n_events": 12,
      "survival_times": [
        180.0,
        182.0,
        183.0,
        209.0,
        267.0,
        278.0,
        283.0,
        290.0
      ],
      "survival_probs": [
        0.8888888888888888,
        0.861111111111111,
        0.8333333333333333,
        0.8045977011494253,
        0.7736516357206012,
        0.7427055702917772,
        0.6808134394341291,
        0.6429904705766775
      ],
      "median_survival_time": 290.0
    },
    "copilot_instructions": {
      "error": "insufficient_n",
      "n": 1
    },
    "cursor_rules": {
      "n": 2,
      "n_events": 2,
      "survival_times": [
        180.0
      ],
      "survival_probs": [
        0.0
      ],
      "median_survival_time": 180.0
    },
    "prompts": {
      "n": 129,
      "n_events": 100,
      "survival_times": [
        180.0,
        181.0,
        183.0,
        187.0,
        190.0,
        191.0,
        193.0,
        194.0,
        201.0,
        206.0,
        214.0,
        219.0,
        223.0,
        229.0,
        247.0,
        271.0,
        358.0,
        361.0,
        365.0,
        370.0,
        422.0,
        584.0
      ],
      "survival_probs": [
        0.5891472868217054,
        0.5503875968992248,
        0.5426356589147286,
        0.5116279069767441,
        0.5038759689922481,
        0.49612403100775193,
        0.48837209302325585,
        0.4728682170542636,
        0.46511627906976744,
        0.4573643410852713,
        0.44131646946824427,
        0.4252685978512172,
        0.3680209019866303,
        0.35984265972026064,
        0.3422893592461016,
        0.3335127090090221,
        0.3216015408301284,
        0.3096903726512348,
        0.29777920447234113,
        0.2620456999356602,
        0.24956733327205727,
        0.08318911109068576
      ],
      "median_survival_time": 191.0
    },
    "skill_md": {
      "n": 10,
      "n_events": 10,
      "survival_times": [
        180.0
      ],
      "survival_probs": [
        0.0
      ],
      "median_survival_time": 180.0
    }
  },
  "A2_median_survival_days_eligible_only": {
    "pooled": 229.0,
    "by_artifact_type": {
      "agents_md": 218.0,
      "claude_md": 290.0,
      "cursor_rules": 180.0,
      "prompts": 191.0,
      "skill_md": 180.0
    }
  },
  "A3_stasis_rates": {
    "90": {
      "stasis_T_rate_all": 0.36153846153846153,
      "stasis_T_rate_eligible": 0.633423180592992,
      "n_eligible_T": 371,
      "n_event_stasis_T": 235,
      "censoring_rate_T": 0.36657681940700804
    },
    "180": {
      "stasis_T_rate_all": 0.20615384615384616,
      "stasis_T_rate_eligible": 0.5955555555555555,
      "n_eligible_T": 225,
      "n_event_stasis_T": 134,
      "censoring_rate_T": 0.4044444444444445
    },
    "365": {
      "stasis_T_rate_all": 0.08461538461538462,
      "stasis_T_rate_eligible": 0.6547619047619048,
      "n_eligible_T": 84,
      "n_event_stasis_T": 55,
      "censoring_rate_T": 0.34523809523809523
    }
  },
  "A4_cox_model_eligible_only": {
    "error": "fit_failed",
    "n": 225,
    "n_events": 134,
    "message": "Singular matrix"
  },
  "decision": {
    "label": "PROCEED_N500",
    "stasis_180_rate_eligible": 0.5955555555555555,
    "stasis_180_rate_all": 0.20615384615384616,
    "n_eligible_180": 225,
    "censoring_rate_180": 0.4044444444444445,
    "min_eligible_required": 30,
    "thresholds": {
      "proceed": 0.5,
      "reject": 0.2
    },
    "rationale": ">=50% of artifacts reach stasis within 180 days of introduction"
  },
  "artifact_type_counts": {
    "prompts": 183,
    "agents_md": 158,
    "skill_md": 145,
    "claude_md": 106,
    "agents_dir": 55,
    "cursor_rules": 2,
    "copilot_instructions": 1
  }
}
