{
  "90": {
    "artifact_gap_mature": {
      "observed": 0.2551527004663758,
      "maintenance_rate_observed": 0.7448472995336242,
      "gap_ci_95": {
        "low": 0.06392923868326508,
        "high": 0.791489949885524
      },
      "maintenance_ci_95": {
        "low": 0.2085100501144758,
        "high": 0.9360707613167348
      },
      "n_bootstrap": 5000
    },
    "repo_gap": {
      "observed": 0.14832535885167464,
      "ci_95": {
        "low": 0.1111111111111111,
        "high": 0.18518518518518517
      },
      "n_bootstrap": 5000
    }
  },
  "180": {
    "artifact_gap_mature": {
      "observed": 0.5597920277296361,
      "maintenance_rate_observed": 0.44020797227036396,
      "gap_ci_95": {
        "low": 0.2824209033071588,
        "high": 0.7695216565648615
      },
      "maintenance_ci_95": {
        "low": 0.23047834343513854,
        "high": 0.7175790966928411
      },
      "n_bootstrap": 5000
    },
    "repo_gap": {
      "observed": 0.07177033492822966,
      "ci_95": {
        "low": 0.04477611940298507,
        "high": 0.09774436090225563
      },
      "n_bootstrap": 5000
    }
  },
  "365": {
    "artifact_gap_mature": {
      "observed": 0.8727272727272727,
      "maintenance_rate_observed": 0.12727272727272726,
      "gap_ci_95": {
        "low": 0.32605978260869567,
        "high": 0.9652996845425867
      },
      "maintenance_ci_95": {
        "low": 0.03470031545741325,
        "high": 0.6739402173913039
      },
      "n_bootstrap": 5000
    },
    "repo_gap": {
      "observed": 0.023923444976076555,
      "ci_95": {
        "low": 0.007462686567164179,
        "high": 0.038461538461538464
      },
      "n_bootstrap": 5000
    }
  }
}
