{
  "artifact_gap_mature": 0.19694072657743786,
  "repo_gap_unguarded": 0.04838709677419355,
  "n_paths_retained": 5304
}
